{
  "config": {
    "run_name": "exp_1_2_L4_K32",
    "out_dir": "./results",
    "seed": 1816962730,
    "bs_train": 128,
    "bs_test": 32,
    "batches": 100,
    "epochs": 100,
    "early_stopping": 10,
    "checkpoints": null,
    "lr": 0.001,
    "reg": 0.001,
    "filters_per_layer": [
      32
    ],
    "layers_per_block": 4,
    "pool_every": 2,
    "hidden_dims": [
      128
    ],
    "ycn": false,
    "kw": {}
  },
  "results": {
    "num_epochs": 27,
    "train_loss": [
      1.6966612839028048,
      1.3100539203495016,
      1.1374281977143739,
      1.0080168574972226,
      0.9254474923433855,
      0.8561058989571183,
      0.8021250513508497,
      0.7463586325840572,
      0.7041177934088061,
      0.6476904876396784,
      0.6054083929799706,
      0.5749045012094786,
      0.528618022227836,
      0.4908311275569984,
      0.45444743739217136,
      0.43715682526683564,
      0.3950245450524723,
      0.3661296633274659,
      0.34186037090580784,
      0.32122934013224014,
      0.292885492486722,
      0.2753019268860293,
      0.2629478952616377,
      0.2485805926153727,
      0.22422994762811516,
      0.21682870046943045,
      0.20264598332783756
    ],
    "train_acc": [
      38.158,
      52.996,
      59.586,
      64.586,
      67.594,
      69.966,
      71.784,
      73.968,
      75.12,
      77.242,
      78.782,
      79.714,
      81.36,
      82.576,
      83.868,
      84.474,
      86.102,
      86.89,
      87.804,
      88.442,
      89.658,
      90.23,
      90.51,
      91.118,
      92.138,
      92.352,
      92.772
    ],
    "test_loss": [
      1.4013073234893263,
      1.2178751018862375,
      1.0940586168545123,
      1.0294630636041537,
      1.0076667630253509,
      0.9783709186334579,
      0.902266162748154,
      0.9118920004786775,
      0.8841303961155133,
      0.8629732747047473,
      0.8740961082255878,
      0.852942052264564,
      0.8723864751501967,
      0.8964847908995022,
      0.8885737514724366,
      0.944955755060854,
      0.9833296747824636,
      0.9674221023964805,
      1.019407303855061,
      1.02841703941266,
      1.0971133947943728,
      1.1131905009761787,
      1.069756101971617,
      1.1898952803482263,
      1.1987358600186844,
      1.2494960422523487,
      1.2982200664072372
    ],
    "test_acc": [
      49.49,
      56.09,
      61.0,
      62.95,
      64.43,
      65.43,
      68.3,
      67.82,
      68.94,
      70.17,
      70.4,
      70.9,
      71.13,
      70.94,
      71.03,
      70.55,
      71.17,
      71.14,
      70.14,
      70.64,
      70.59,
      69.63,
      70.46,
      69.91,
      69.57,
      69.59,
      70.29
    ]
  }
}