{
  "config": {
    "run_name": "exp1_1_K_32_L4",
    "out_dir": "./results",
    "seed": 166560999,
    "bs_train": 128,
    "bs_test": 32,
    "batches": 100,
    "epochs": 100,
    "early_stopping": 10,
    "checkpoints": null,
    "lr": 0.001,
    "reg": 0.001,
    "filters_per_layer": [
      32
    ],
    "layers_per_block": 4,
    "pool_every": 2,
    "hidden_dims": [
      128
    ],
    "ycn": false,
    "kw": {}
  },
  "results": {
    "num_epochs": 22,
    "train_loss": [
      1.7199563611193995,
      1.2840716096446336,
      1.0989806806035054,
      0.9758359466672248,
      0.8900435004392853,
      0.8142282118272903,
      0.741608995153471,
      0.6856962754141034,
      0.6368072875930221,
      0.5871055705468063,
      0.5434342044241288,
      0.5132073457436184,
      0.4596339733246952,
      0.4290478867871682,
      0.3916980079601488,
      0.36112557378266474,
      0.33129902938595207,
      0.3069060487896585,
      0.283992732310539,
      0.26189715784910084,
      0.24509226507924098,
      0.2304904399358708
    ],
    "train_acc": [
      36.924,
      53.892,
      60.774,
      65.196,
      68.574,
      71.41,
      74.048,
      76.076,
      77.728,
      79.492,
      80.842,
      81.816,
      84.024,
      84.924,
      86.21,
      87.23,
      88.212,
      89.11,
      89.908,
      90.668,
      91.142,
      91.728
    ],
    "test_loss": [
      1.397717793338215,
      1.1795855033131073,
      1.056894078231848,
      0.9743695893226721,
      0.9357391192128484,
      0.8682121937267315,
      0.8796052071042716,
      0.8589869257741081,
      0.8191846496761798,
      0.8571785298970561,
      0.8362858018364769,
      0.81695187215607,
      0.9139305310793959,
      0.8658677180068561,
      0.9183875079067371,
      0.9550113696545458,
      0.9650526763722539,
      0.9772245670183779,
      1.0571898299093825,
      1.09143773721049,
      1.10072957807646,
      1.0640910527052971
    ],
    "test_acc": [
      48.66,
      56.92,
      62.41,
      65.9,
      67.18,
      69.4,
      69.77,
      70.63,
      71.4,
      71.4,
      72.61,
      72.69,
      71.17,
      71.61,
      71.35,
      71.56,
      71.94,
      71.5,
      70.33,
      70.99,
      70.66,
      71.39
    ]
  }
}