{
  "config": {
    "run_name": "exp_1_2_L4_K256",
    "out_dir": "./results",
    "seed": 380372119,
    "bs_train": 128,
    "bs_test": 32,
    "batches": 100,
    "epochs": 100,
    "early_stopping": 10,
    "checkpoints": null,
    "lr": 0.001,
    "reg": 0.001,
    "filters_per_layer": [
      256
    ],
    "layers_per_block": 4,
    "pool_every": 2,
    "hidden_dims": [
      128
    ],
    "ycn": false,
    "kw": {}
  },
  "results": {
    "num_epochs": 22,
    "train_loss": [
      1.6456007051955708,
      1.1927222382382054,
      0.9800333155085669,
      0.8384265518554336,
      0.7404266782581349,
      0.6511828596024867,
      0.5867909757834872,
      0.536625818065975,
      0.4789785152048711,
      0.4328923492937747,
      0.38280210062823333,
      0.3473177834621171,
      0.30673286086305634,
      0.28476388015024495,
      0.2501661380576661,
      0.2278753234183087,
      0.21643859477680358,
      0.20258998160090896,
      0.1878864047167551,
      0.17773887377870662,
      0.17197705694781545,
      0.16133689067667098
    ],
    "train_acc": [
      39.874,
      57.142,
      65.104,
      70.482,
      74.01,
      77.178,
      79.564,
      80.882,
      83.142,
      84.758,
      86.522,
      87.76,
      89.146,
      89.844,
      91.118,
      91.924,
      92.434,
      92.806,
      93.352,
      93.76,
      93.928,
      94.356
    ],
    "test_loss": [
      1.3367343815370871,
      1.060875709826192,
      0.9147210944765292,
      0.8865091211308306,
      0.8138048760235881,
      0.8011946766711653,
      0.7574533988682988,
      0.7588955970903555,
      0.8469154294877769,
      0.7638398913529735,
      0.825944007347567,
      0.8414865341335059,
      0.9022456144753356,
      0.9040334622223918,
      0.9419458433747673,
      1.0146479866565608,
      1.0019376096062766,
      0.9945670037319104,
      1.039043525727793,
      1.0710866063738023,
      1.089998872754292,
      1.2005803511736872
    ],
    "test_acc": [
      51.07,
      61.96,
      67.7,
      68.68,
      71.79,
      72.32,
      73.73,
      74.0,
      72.31,
      74.03,
      73.13,
      74.65,
      72.53,
      73.71,
      73.18,
      72.18,
      73.48,
      73.58,
      73.07,
      73.21,
      72.59,
      72.27
    ]
  }
}