{
  "config": {
    "run_name": "exp_1_2_L4_K64",
    "out_dir": "./results",
    "seed": 534694787,
    "bs_train": 128,
    "bs_test": 32,
    "batches": 100,
    "epochs": 100,
    "early_stopping": 10,
    "checkpoints": null,
    "lr": 0.001,
    "reg": 0.001,
    "filters_per_layer": [
      64
    ],
    "layers_per_block": 4,
    "pool_every": 2,
    "hidden_dims": [
      128
    ],
    "ycn": false,
    "kw": {}
  },
  "results": {
    "num_epochs": 19,
    "train_loss": [
      1.6414628513633747,
      1.2309971305415452,
      1.0407930999765616,
      0.9124117246674149,
      0.8096376992857365,
      0.722987728198166,
      0.6561770695249748,
      0.5930927448412951,
      0.5454930906253093,
      0.4822570792092082,
      0.43547998361118007,
      0.4012098799809775,
      0.35807076107967845,
      0.32265220395744304,
      0.28907031430612745,
      0.2544960493931685,
      0.2331669115844895,
      0.22428751637792343,
      0.20180418820637266
    ],
    "train_acc": [
      39.794,
      55.918,
      63.222,
      67.802,
      71.546,
      74.532,
      76.874,
      79.202,
      80.898,
      82.948,
      84.692,
      85.702,
      87.366,
      88.536,
      89.7,
      90.984,
      91.722,
      92.044,
      92.858
    ],
    "test_loss": [
      1.3175457264668644,
      1.1224132220204266,
      1.0026724818415536,
      0.9258441234739444,
      0.869690119839324,
      0.8401459749704733,
      0.7717631581111457,
      0.7748305220573474,
      0.7894300265719716,
      0.8184789525815093,
      0.8065505553358279,
      0.8472815842483752,
      0.8815817782482781,
      0.8841874843207411,
      0.8945734290935742,
      0.9601565448049539,
      1.047215565039327,
      1.0441155466027916,
      1.1037406710961375
    ],
    "test_acc": [
      52.5,
      59.68,
      64.76,
      66.61,
      69.5,
      70.54,
      73.2,
      73.53,
      73.89,
      72.92,
      73.45,
      72.63,
      72.91,
      73.65,
      73.54,
      72.73,
      71.92,
      72.91,
      72.48
    ]
  }
}