{
  "config": {
    "run_name": "exp1_3_L2_K64-128-256",
    "out_dir": "./results",
    "seed": 802652701,
    "bs_train": 128,
    "bs_test": 32,
    "batches": 100,
    "epochs": 100,
    "early_stopping": 5,
    "checkpoints": null,
    "lr": 0.001,
    "reg": 0.001,
    "filters_per_layer": [
      64,
      128,
      256
    ],
    "layers_per_block": 2,
    "pool_every": 2,
    "hidden_dims": [
      128
    ],
    "ycn": false,
    "kw": {}
  },
  "results": {
    "num_epochs": 26,
    "train_loss": [
      1.8789833037139814,
      1.4561695372661971,
      1.2385724863737746,
      1.0880074682443037,
      0.9606387243246484,
      0.8559458978340754,
      0.7728157375779603,
      0.7067892261783181,
      0.6528833957431871,
      0.6065777104224086,
      0.5598297706802787,
      0.5284481334411885,
      0.4961995016735838,
      0.4613616650976488,
      0.42845424670545035,
      0.4006824625270141,
      0.378713856648911,
      0.3567428642221729,
      0.329787497363432,
      0.30294086717431196,
      0.28764931834719676,
      0.2684559252903894,
      0.2511558335684145,
      0.23107149471026248,
      0.22442388092465412,
      0.21480660681681865
    ],
    "train_acc": [
      29.822,
      46.632,
      55.232,
      60.834,
      65.756,
      70.086,
      72.794,
      75.406,
      77.218,
      78.834,
      80.514,
      81.52,
      82.626,
      83.728,
      85.064,
      85.892,
      86.714,
      87.346,
      88.308,
      89.168,
      89.812,
      90.474,
      91.11,
      91.884,
      92.088,
      92.262
    ],
    "test_loss": [
      1.5782614378883435,
      1.3362619575981896,
      1.147442695431816,
      1.0732162928048032,
      1.0026281946383344,
      0.8698086777624612,
      0.7916988408603607,
      0.7592241508892169,
      0.7293374278484442,
      0.7049707745591672,
      0.7070144946201922,
      0.6864174801035049,
      0.6741180418969724,
      0.6583811916387119,
      0.7354025116172461,
      0.6735670329711307,
      0.6647869705820617,
      0.6893011438675201,
      0.7571573578321134,
      0.7400230786051994,
      0.7178050793302707,
      0.7280019690243962,
      0.7443160121909346,
      0.7557221609182632,
      0.7740996929403311,
      0.8100891576978726
    ],
    "test_acc": [
      41.54,
      50.95,
      58.44,
      62.38,
      64.02,
      69.25,
      73.0,
      73.74,
      74.81,
      75.92,
      75.58,
      76.79,
      77.24,
      77.68,
      76.65,
      78.08,
      77.53,
      78.14,
      76.64,
      77.26,
      78.44,
      77.81,
      78.18,
      78.08,
      77.53,
      78.08
    ]
  }
}