{
  "config": {
    "run_name": "exp1_1_K32_L16",
    "out_dir": "./results",
    "seed": 438467865,
    "bs_train": 128,
    "bs_test": 32,
    "batches": 100,
    "epochs": 100,
    "early_stopping": 5,
    "checkpoints": null,
    "lr": 0.001,
    "reg": 0.001,
    "filters_per_layer": [
      32
    ],
    "layers_per_block": 16,
    "pool_every": 4,
    "hidden_dims": [
      128
    ],
    "ycn": false,
    "kw": {}
  },
  "results": {
    "num_epochs": 6,
    "train_loss": [
      2.3030200346046703,
      2.3028201441020917,
      2.302752928965537,
      2.3027539399578747,
      2.3027286749056843,
      2.302709586784968
    ],
    "train_acc": [
      9.938,
      9.648,
      9.744,
      9.75,
      9.806,
      9.622
    ],
    "test_loss": [
      2.3026764895588445,
      2.302630438972205,
      2.302670829212323,
      2.3026136712144356,
      2.3026000097536814,
      2.302597981291457
    ],
    "test_acc": [
      10.0,
      10.0,
      10.0,
      10.0,
      10.0,
      10.0
    ]
  }
}