{
  "config": {
    "run_name": "exp1_1_K_64_L2",
    "out_dir": "./results",
    "seed": 132496731,
    "bs_train": 128,
    "bs_test": 32,
    "batches": 100,
    "epochs": 100,
    "early_stopping": 10,
    "checkpoints": null,
    "lr": 0.001,
    "reg": 0.001,
    "filters_per_layer": [
      64
    ],
    "layers_per_block": 2,
    "pool_every": 1,
    "hidden_dims": [
      128
    ],
    "ycn": false,
    "kw": {}
  },
  "results": {
    "num_epochs": 29,
    "train_loss": [
      1.6121750874897403,
      1.2683619465059637,
      1.134960871370857,
      1.0490690817308548,
      0.9806652857214594,
      0.9310727970069631,
      0.8781144068674054,
      0.839323610600913,
      0.8020874237465432,
      0.7723382610799102,
      0.7446663507720088,
      0.7156742851600013,
      0.6964245494979117,
      0.6718837253730315,
      0.6474347597802691,
      0.6290751305382575,
      0.6024229040993448,
      0.5873894050450581,
      0.5675589169382744,
      0.5516020010042069,
      0.5370935453935657,
      0.5131381929987837,
      0.4979348872476222,
      0.48774660494931216,
      0.47193085415588926,
      0.45198106948676925,
      0.4367196652514245,
      0.4294030279911997,
      0.40709794219345086
    ],
    "train_acc": [
      41.774,
      54.846,
      60.122,
      63.24,
      65.65,
      67.376,
      69.3,
      70.678,
      72.05,
      73.038,
      74.14,
      75.062,
      75.692,
      76.672,
      77.48,
      78.056,
      78.948,
      79.418,
      80.1,
      80.822,
      81.102,
      82.218,
      82.57,
      83.048,
      83.426,
      84.294,
      84.84,
      84.976,
      85.898
    ],
    "test_loss": [
      1.3979529178561494,
      1.2129154673780496,
      1.1022119680151772,
      1.0435564647467372,
      0.9921398239013867,
      1.0340894133138199,
      0.9324344306136854,
      0.8927092664538862,
      0.9007304678328882,
      0.8844486853946893,
      0.8657255539307579,
      0.857947014486447,
      0.8736225714127477,
      0.8541139289022635,
      0.8463945302148216,
      0.9164782373097758,
      0.8332665842562057,
      0.8476236756807699,
      0.8491345987723659,
      0.8864988688462839,
      0.8558335563245292,
      0.9255726247930679,
      0.8772145738236059,
      0.8777728099792529,
      0.9179909500641564,
      0.8934083517176655,
      0.9582130636650914,
      0.930713632807564,
      0.9664192332056003
    ],
    "test_acc": [
      49.47,
      56.15,
      60.91,
      62.45,
      65.0,
      63.66,
      67.3,
      69.01,
      68.33,
      69.03,
      70.31,
      70.54,
      69.87,
      70.88,
      70.92,
      68.73,
      71.57,
      71.73,
      72.08,
      70.19,
      71.25,
      69.67,
      71.25,
      71.36,
      70.48,
      71.61,
      69.76,
      70.64,
      69.47
    ]
  }
}