{
  "config": {
    "run_name": "exp1_3_L4_K64-128-256",
    "out_dir": "./results",
    "seed": 1549331618,
    "bs_train": 128,
    "bs_test": 32,
    "batches": 100,
    "epochs": 100,
    "early_stopping": 5,
    "checkpoints": null,
    "lr": 0.001,
    "reg": 0.001,
    "filters_per_layer": [
      64,
      128,
      256
    ],
    "layers_per_block": 4,
    "pool_every": 4,
    "hidden_dims": [
      128
    ],
    "ycn": false,
    "kw": {}
  },
  "results": {
    "num_epochs": 6,
    "train_loss": [
      2.303196343009734,
      2.3027691999664697,
      2.302772342091631,
      2.302747348385394,
      2.3027126026885285,
      2.302704845852864
    ],
    "train_acc": [
      9.882,
      9.732,
      9.786,
      9.752,
      9.816,
      9.872
    ],
    "test_loss": [
      2.302646859385335,
      2.302662649855446,
      2.3026244632733133,
      2.302597653751556,
      2.3025980993581654,
      2.3025882640204873
    ],
    "test_acc": [
      10.0,
      10.0,
      10.0,
      10.0,
      10.0,
      10.0
    ]
  }
}