{
  "config": {
    "run_name": "exp1_1_K_32_L2",
    "out_dir": "./results",
    "seed": 313438721,
    "bs_train": 128,
    "bs_test": 32,
    "batches": 100,
    "epochs": 100,
    "early_stopping": 10,
    "checkpoints": null,
    "lr": 0.001,
    "reg": 0.001,
    "filters_per_layer": [
      32
    ],
    "layers_per_block": 2,
    "pool_every": 1,
    "hidden_dims": [
      128
    ],
    "ycn": false,
    "kw": {}
  },
  "results": {
    "num_epochs": 34,
    "train_loss": [
      1.6367985821136124,
      1.3167667117570063,
      1.1945807732584532,
      1.1130343375303555,
      1.0363249239104484,
      0.9688529642036808,
      0.9282604428508398,
      0.8882053617931083,
      0.8532966219860575,
      0.8241441916016972,
      0.7981876267496583,
      0.7715415213723926,
      0.7407834164779205,
      0.7182978553235378,
      0.697075817286206,
      0.6728337267628106,
      0.646613370198423,
      0.6265624589322473,
      0.6062920130122348,
      0.5919372620789901,
      0.5721474940057301,
      0.547130808653429,
      0.5369287887040306,
      0.5166593415048116,
      0.5017078775731499,
      0.48241024249045134,
      0.464978544074861,
      0.44975201370161205,
      0.4429780581723089,
      0.4141705337235385,
      0.4068022691227896,
      0.39368740737895525,
      0.3789675137042389,
      0.36639769363891134
    ],
    "train_acc": [
      41.038,
      52.89,
      57.752,
      60.934,
      63.402,
      66.016,
      67.362,
      68.824,
      70.204,
      71.218,
      72.014,
      73.054,
      74.044,
      75.0,
      75.496,
      76.372,
      77.62,
      78.128,
      78.774,
      79.246,
      79.878,
      80.866,
      81.13,
      81.966,
      82.534,
      83.438,
      83.742,
      84.454,
      84.664,
      85.684,
      85.944,
      86.406,
      86.712,
      87.314
    ],
    "test_loss": [
      1.4060320627575102,
      1.2394142027099293,
      1.1649376679533205,
      1.1108628699954706,
      1.019132505019252,
      1.0022385257501571,
      1.0230098810439674,
      0.9587547695293975,
      0.9601323673138603,
      0.9222185380352191,
      0.9191861417346869,
      0.9170966337854489,
      0.8976010834447111,
      0.877190033753459,
      0.9097586264625525,
      0.8906107193555314,
      0.879865580378249,
      0.8613550264043168,
      0.8896035922411532,
      0.9460940419104152,
      0.9003336874250406,
      0.9068460246434988,
      0.8901459755608068,
      0.8962904785673458,
      0.9116069695439202,
      0.9104365961620221,
      0.9156793289291211,
      0.9360736501864351,
      0.9189815404125676,
      0.9555309574824934,
      0.9610823329073933,
      1.0102608907527435,
      0.9724803410779935,
      0.9963750942065693
    ],
    "test_acc": [
      49.0,
      56.19,
      58.55,
      61.22,
      64.43,
      64.9,
      63.62,
      67.11,
      66.46,
      68.2,
      68.2,
      68.49,
      68.97,
      69.84,
      69.24,
      69.7,
      69.58,
      70.79,
      69.64,
      68.25,
      69.66,
      69.61,
      70.57,
      70.88,
      70.56,
      70.48,
      70.65,
      69.79,
      70.39,
      69.81,
      70.09,
      68.9,
      70.27,
      69.45
    ]
  }
}