{
  "config": {
    "run_name": "exp1_3_L1_K64-128-256",
    "out_dir": "./results",
    "seed": 321524783,
    "bs_train": 128,
    "bs_test": 32,
    "batches": 100,
    "epochs": 100,
    "early_stopping": 5,
    "checkpoints": null,
    "lr": 0.001,
    "reg": 0.001,
    "filters_per_layer": [
      64,
      128,
      256
    ],
    "layers_per_block": 1,
    "pool_every": 1,
    "hidden_dims": [
      128
    ],
    "ycn": false,
    "kw": {}
  },
  "results": {
    "num_epochs": 24,
    "train_loss": [
      1.583192284149892,
      1.1882701174682364,
      1.0082977436997396,
      0.9058485410707381,
      0.8175345613523517,
      0.7503184168539998,
      0.7023568978852324,
      0.656491274800142,
      0.6216541910567857,
      0.5766893475104475,
      0.5402702972712115,
      0.5046999339404923,
      0.4841479254348199,
      0.45230812817583305,
      0.42456083007328344,
      0.3969197220280957,
      0.3807081220399998,
      0.354505832276076,
      0.3226378417533377,
      0.31477022148154277,
      0.29659330745792145,
      0.27772867319452793,
      0.2604714961689147,
      0.2476027646980932
    ],
    "train_acc": [
      42.31,
      57.43,
      64.442,
      68.442,
      71.468,
      74.06,
      75.67,
      77.064,
      78.43,
      79.984,
      81.196,
      82.386,
      83.168,
      84.28,
      85.304,
      86.18,
      86.784,
      87.814,
      88.876,
      89.132,
      89.782,
      90.384,
      91.008,
      91.424
    ],
    "test_loss": [
      1.3362014230828696,
      1.0975407224874527,
      0.9896772703804528,
      0.9070178714042274,
      0.8855432262435888,
      0.834395169069211,
      0.8293394264512168,
      0.8279271022009012,
      0.7830569547967027,
      0.7834588259744187,
      0.7336584349600271,
      0.7585339072032478,
      0.7429046981250897,
      0.7076203187052815,
      0.753744432339653,
      0.7413713053202096,
      0.8135177382645896,
      0.7602519382493564,
      0.7676332910030413,
      0.8101925286717309,
      0.792904008501254,
      0.8130752044839981,
      0.8646443883260599,
      0.8625344645957977
    ],
    "test_acc": [
      50.84,
      61.3,
      64.68,
      68.5,
      69.17,
      71.27,
      70.98,
      71.56,
      73.74,
      73.48,
      75.38,
      74.23,
      74.57,
      76.26,
      74.85,
      75.8,
      74.15,
      75.84,
      76.67,
      75.06,
      75.91,
      74.64,
      73.9,
      75.16
    ]
  }
}