{
  "config": {
    "run_name": "exp1_2_L8_K64",
    "out_dir": "./results",
    "seed": 1946597098,
    "bs_train": 128,
    "bs_test": 32,
    "batches": 100,
    "epochs": 100,
    "early_stopping": 5,
    "checkpoints": null,
    "lr": 0.001,
    "reg": 0.001,
    "filters_per_layer": [
      64
    ],
    "layers_per_block": 8,
    "pool_every": 2,
    "hidden_dims": [
      128
    ],
    "ycn": false,
    "kw": {}
  },
  "results": {
    "num_epochs": 6,
    "train_loss": [
      2.3030174083417028,
      2.3027886606543264,
      2.302763591946848,
      2.302805024949486,
      2.3027407494957184,
      2.302730275541925
    ],
    "train_acc": [
      10.026,
      9.844,
      9.71,
      9.984,
      9.726,
      9.816
    ],
    "test_loss": [
      2.302745915068605,
      2.302689914886182,
      2.3026830053177125,
      2.302657445017903,
      2.302666977952464,
      2.3026083330757703
    ],
    "test_acc": [
      10.0,
      10.0,
      10.0,
      10.0,
      10.0,
      10.0
    ]
  }
}