{
  "config": {
    "run_name": "exp1_1_K32_L8",
    "out_dir": "./results",
    "seed": 781276954,
    "bs_train": 128,
    "bs_test": 32,
    "batches": 100,
    "epochs": 100,
    "early_stopping": 5,
    "checkpoints": null,
    "lr": 0.001,
    "reg": 0.001,
    "filters_per_layer": [
      32
    ],
    "layers_per_block": 8,
    "pool_every": 2,
    "hidden_dims": [
      128
    ],
    "ycn": false,
    "kw": {}
  },
  "results": {
    "num_epochs": 6,
    "train_loss": [
      2.3030739739118027,
      2.302798299228444,
      2.3028159617158153,
      2.3027784836566663,
      2.3027384665311144,
      2.302703861080472
    ],
    "train_acc": [
      9.866,
      9.854,
      10.004,
      9.774,
      9.75,
      9.9
    ],
    "test_loss": [
      2.302664867224404,
      2.302794544841535,
      2.3026548917301164,
      2.3026278201764385,
      2.3026036454465824,
      2.3026533637183926
    ],
    "test_acc": [
      10.0,
      10.0,
      10.0,
      10.0,
      10.0,
      10.0
    ]
  }
}