{
  "config": {
    "run_name": "exp_1_2_L2_K256",
    "out_dir": "./results",
    "seed": 727132695,
    "bs_train": 128,
    "bs_test": 32,
    "batches": 100,
    "epochs": 100,
    "early_stopping": 10,
    "checkpoints": null,
    "lr": 0.001,
    "reg": 0.001,
    "filters_per_layer": [
      256
    ],
    "layers_per_block": 2,
    "pool_every": 1,
    "hidden_dims": [
      128
    ],
    "ycn": false,
    "kw": {}
  },
  "results": {
    "num_epochs": 34,
    "train_loss": [
      1.5114243588484157,
      1.1793328366621072,
      1.0487892926501496,
      0.968290176690387,
      0.9104640064641948,
      0.8676658827630456,
      0.8373294779101906,
      0.8114006587916323,
      0.7755493802182815,
      0.7543069766000714,
      0.7284457463285198,
      0.7056831240349108,
      0.6839999157906799,
      0.6670385343034554,
      0.6473342881483191,
      0.6284651277620165,
      0.6012380101034404,
      0.5968403636342119,
      0.5798785409811512,
      0.5595350186233325,
      0.5486847096696839,
      0.5302222329942162,
      0.5183061189816126,
      0.5021503458699912,
      0.4913329242745324,
      0.48102214871465093,
      0.47073689449931044,
      0.4580341540562832,
      0.45222968167965977,
      0.4434311298458168,
      0.42906721145905496,
      0.4157918321583277,
      0.417734411328345,
      0.4031922518444793
    ],
    "train_acc": [
      45.222,
      58.408,
      63.114,
      66.174,
      68.372,
      69.722,
      70.814,
      71.63,
      73.114,
      73.68,
      74.838,
      75.538,
      76.264,
      76.852,
      77.454,
      78.196,
      79.152,
      79.28,
      79.872,
      80.536,
      80.902,
      81.644,
      81.928,
      82.562,
      82.876,
      83.27,
      83.664,
      84.028,
      84.276,
      84.526,
      84.994,
      85.708,
      85.434,
      85.996
    ],
    "test_loss": [
      1.2669994985333646,
      1.098561910965953,
      0.9983156717623385,
      1.0055138470646672,
      0.9366372543782853,
      0.8942390975479881,
      0.895858377789537,
      0.8893125788472331,
      0.8596066810642949,
      0.8868855197018328,
      0.893430172064053,
      0.8818861366080019,
      0.8628866866754648,
      0.835387714564229,
      0.8850790859220888,
      0.8494253591797984,
      0.8370177719158868,
      0.8613603285516793,
      0.8555259956909825,
      0.8441580894846505,
      0.8490115886869521,
      0.8357263776821832,
      0.8525242545067693,
      0.8397143434602231,
      0.8823733585901534,
      0.8917222844716459,
      0.8755944594026754,
      0.8927307177465945,
      0.8810894802545968,
      0.9015794341175701,
      0.874472428339358,
      0.8996780379511677,
      0.9197708807242945,
      0.9159722190124159
    ],
    "test_acc": [
      54.78,
      60.64,
      65.05,
      64.66,
      67.47,
      68.92,
      68.54,
      69.34,
      70.02,
      69.18,
      68.67,
      70.16,
      70.44,
      71.42,
      69.81,
      70.74,
      71.49,
      70.87,
      71.48,
      71.87,
      71.09,
      72.07,
      72.03,
      72.1,
      70.23,
      71.36,
      71.19,
      71.63,
      70.64,
      71.69,
      71.98,
      71.11,
      70.96,
      71.09
    ]
  }
}