{
  "config": {
    "run_name": "exp_1_2_L4_K128",
    "out_dir": "./results",
    "seed": 1440606831,
    "bs_train": 128,
    "bs_test": 32,
    "batches": 100,
    "epochs": 100,
    "early_stopping": 10,
    "checkpoints": null,
    "lr": 0.001,
    "reg": 0.001,
    "filters_per_layer": [
      128
    ],
    "layers_per_block": 4,
    "pool_every": 2,
    "hidden_dims": [
      128
    ],
    "ycn": false,
    "kw": {}
  },
  "results": {
    "num_epochs": 22,
    "train_loss": [
      1.5921312299225947,
      1.1539717156563878,
      0.9423475916428334,
      0.8357560166617488,
      0.7485560937915616,
      0.6741526513300893,
      0.5992855499772465,
      0.5408128650139665,
      0.4946775337314362,
      0.4274211827370212,
      0.38604613727011033,
      0.3497716894997355,
      0.3134469762253944,
      0.27579850168026926,
      0.25207441258232305,
      0.2269604052309795,
      0.2115937189754013,
      0.19304842589532628,
      0.19295074845976232,
      0.1709956995037663,
      0.16492257918924322,
      0.15879291031138063
    ],
    "train_acc": [
      41.924,
      58.848,
      66.534,
      70.428,
      73.936,
      76.18,
      78.938,
      81.064,
      82.618,
      84.834,
      86.482,
      87.494,
      88.846,
      90.166,
      91.01,
      92.122,
      92.516,
      93.11,
      93.206,
      94.024,
      94.108,
      94.464
    ],
    "test_loss": [
      1.2781560798041738,
      1.0161251650450709,
      0.9743539938530602,
      0.9802057214628774,
      0.8361512723441322,
      0.800593471946046,
      0.8097836448552128,
      0.835204682030236,
      0.8231004517489728,
      0.8445173173476332,
      0.8617647497322612,
      0.8975591529101229,
      0.9046842948125955,
      0.9482535309970569,
      1.0024860287531496,
      1.075913927711237,
      1.081022803823407,
      1.0657401440290217,
      1.1345462817163132,
      1.100970461060064,
      1.2036660616866315,
      1.1698985045043806
    ],
    "test_acc": [
      54.03,
      64.13,
      65.67,
      65.38,
      71.06,
      72.71,
      72.87,
      71.93,
      72.97,
      73.07,
      72.93,
      73.28,
      72.61,
      73.11,
      73.09,
      72.16,
      72.66,
      71.84,
      71.29,
      72.88,
      71.54,
      72.47
    ]
  }
}