{
  "config": {
    "run_name": "exp1_2_L8_K128",
    "out_dir": "./results",
    "seed": 1794680696,
    "bs_train": 128,
    "bs_test": 32,
    "batches": 100,
    "epochs": 100,
    "early_stopping": 5,
    "checkpoints": null,
    "lr": 0.001,
    "reg": 0.001,
    "filters_per_layer": [
      128
    ],
    "layers_per_block": 8,
    "pool_every": 2,
    "hidden_dims": [
      128
    ],
    "ycn": false,
    "kw": {}
  },
  "results": {
    "num_epochs": 6,
    "train_loss": [
      2.303045756981501,
      2.3028347803198774,
      2.302761663256399,
      2.3027581595398887,
      2.3027305078628424,
      2.3027131898933666
    ],
    "train_acc": [
      10.082,
      9.858,
      10.014,
      9.664,
      9.862,
      9.878
    ],
    "test_loss": [
      2.3027970151017647,
      2.302636207483066,
      2.30263036813218,
      2.302610213002458,
      2.3026177578459914,
      2.3025895787504154
    ],
    "test_acc": [
      10.0,
      10.0,
      10.0,
      10.0,
      10.0,
      10.0
    ]
  }
}