{
  "config": {
    "run_name": "exp1_1_K_64_L4",
    "out_dir": "./results",
    "seed": 860580411,
    "bs_train": 128,
    "bs_test": 32,
    "batches": 100,
    "epochs": 100,
    "early_stopping": 10,
    "checkpoints": null,
    "lr": 0.001,
    "reg": 0.001,
    "filters_per_layer": [
      64
    ],
    "layers_per_block": 4,
    "pool_every": 2,
    "hidden_dims": [
      128
    ],
    "ycn": false,
    "kw": {}
  },
  "results": {
    "num_epochs": 20,
    "train_loss": [
      1.6499677021485155,
      1.2291337353799043,
      1.0400752312387043,
      0.9132753811833804,
      0.8300479895928327,
      0.7554807565401277,
      0.6886582785402723,
      0.625232177622178,
      0.5702289051716894,
      0.5267241863948305,
      0.4800544513765808,
      0.4414997318059282,
      0.39958452084637663,
      0.36251271476068764,
      0.3264536343876968,
      0.29912921731048225,
      0.2673182147733696,
      0.2517940670709171,
      0.23035393388527434,
      0.2162019053040563
    ],
    "train_acc": [
      39.966,
      56.318,
      63.22,
      67.868,
      70.84,
      73.59,
      75.722,
      77.908,
      79.924,
      81.46,
      83.012,
      84.312,
      85.884,
      87.114,
      88.37,
      89.264,
      90.518,
      90.984,
      91.73,
      92.358
    ],
    "test_loss": [
      1.3445108612886252,
      1.134490333426113,
      1.0437182231832998,
      0.901242557805948,
      0.9130605917197828,
      0.858791924322756,
      0.8448053594595327,
      0.8253603068213112,
      0.7786426918860823,
      0.7851397157096254,
      0.8001637397387538,
      0.8589693716825387,
      0.8668367958392579,
      0.9031698599029273,
      0.9375102311467972,
      0.9317867074149866,
      0.9499259996242797,
      1.002027943444709,
      1.004171560414302,
      1.107233981640575
    ],
    "test_acc": [
      51.23,
      59.7,
      63.37,
      68.29,
      67.96,
      70.13,
      70.98,
      71.55,
      73.52,
      73.74,
      73.49,
      71.78,
      72.89,
      71.32,
      72.13,
      72.78,
      73.25,
      72.53,
      73.35,
      70.68
    ]
  }
}