{
  "config": {
    "run_name": "exp1_2_L8_K32",
    "out_dir": "./results",
    "seed": 710844339,
    "bs_train": 128,
    "bs_test": 32,
    "batches": 100,
    "epochs": 100,
    "early_stopping": 5,
    "checkpoints": null,
    "lr": 0.001,
    "reg": 0.001,
    "filters_per_layer": [
      32
    ],
    "layers_per_block": 8,
    "pool_every": 2,
    "hidden_dims": [
      128
    ],
    "ycn": false,
    "kw": {}
  },
  "results": {
    "num_epochs": 6,
    "train_loss": [
      2.3031516593435537,
      2.302806665220529,
      2.302786131344183,
      2.3027639218303553,
      2.302682870489252,
      2.3027198820772683
    ],
    "train_acc": [
      9.966,
      9.86,
      9.834,
      9.87,
      10.01,
      10.036
    ],
    "test_loss": [
      2.3026327447007637,
      2.302798784578951,
      2.3026702183123215,
      2.3026083627828773,
      2.302664986052833,
      2.3026277249613507
    ],
    "test_acc": [
      10.0,
      10.0,
      10.0,
      10.0,
      10.0,
      10.0
    ]
  }
}