{
  "config": {
    "run_name": "exp1_3_L3_K64-128-256",
    "out_dir": "./results",
    "seed": 1014861237,
    "bs_train": 128,
    "bs_test": 32,
    "batches": 100,
    "epochs": 100,
    "early_stopping": 5,
    "checkpoints": null,
    "lr": 0.001,
    "reg": 0.001,
    "filters_per_layer": [
      64,
      128,
      256
    ],
    "layers_per_block": 3,
    "pool_every": 4,
    "hidden_dims": [
      128
    ],
    "ycn": false,
    "kw": {}
  },
  "results": {
    "num_epochs": 6,
    "train_loss": [
      2.3029156853170956,
      2.302748432549674,
      2.3027220126003254,
      2.302704176329591,
      2.3027418879291894,
      2.3027152076096793
    ],
    "train_acc": [
      10.146,
      9.71,
      10.042,
      9.768,
      9.506,
      9.808
    ],
    "test_loss": [
      2.302644749418996,
      2.302615006510823,
      2.3026091008902356,
      2.30259270713733,
      2.302590757894059,
      2.302592260769
    ],
    "test_acc": [
      10.0,
      10.0,
      10.0,
      10.0,
      10.0,
      10.0
    ]
  }
}