{
  "config": {
    "run_name": "exp_1_2_L2_K64",
    "out_dir": "./results",
    "seed": 632259061,
    "bs_train": 128,
    "bs_test": 32,
    "batches": 100,
    "epochs": 100,
    "early_stopping": 10,
    "checkpoints": null,
    "lr": 0.001,
    "reg": 0.001,
    "filters_per_layer": [
      64
    ],
    "layers_per_block": 2,
    "pool_every": 1,
    "hidden_dims": [
      128
    ],
    "ycn": false,
    "kw": {}
  },
  "results": {
    "num_epochs": 25,
    "train_loss": [
      1.5471481475073967,
      1.1936142626016035,
      1.0545610684872893,
      0.954096440616471,
      0.8955341258927074,
      0.8424663920231792,
      0.8084446223800444,
      0.7667581347553322,
      0.7333953001005266,
      0.7011340650756036,
      0.6624453440499123,
      0.6329896764072311,
      0.60942505791669,
      0.5725924628012625,
      0.5525304666717948,
      0.5190860804389504,
      0.5021527852396221,
      0.4800057401285147,
      0.4543617302194581,
      0.4289763769530274,
      0.41106442165801593,
      0.3959950012014345,
      0.37419129858541367,
      0.3579965221988576,
      0.33861272761126615
    ],
    "train_acc": [
      44.224,
      57.858,
      62.714,
      66.706,
      68.776,
      70.636,
      71.96,
      73.276,
      74.494,
      75.572,
      77.062,
      78.136,
      78.758,
      80.15,
      80.828,
      82.084,
      82.426,
      83.482,
      84.202,
      85.35,
      85.748,
      86.41,
      87.134,
      87.592,
      88.292
    ],
    "test_loss": [
      1.2699639749603149,
      1.1332904256570835,
      1.015189292522284,
      0.9785261138940391,
      0.928406576759899,
      0.9098236314214456,
      0.9166294169692567,
      0.9065558321940632,
      0.8611991275042391,
      0.8718267129823423,
      0.827794600504275,
      0.8322852927084547,
      0.8447779839792953,
      0.8605654426276113,
      0.8160590741771478,
      0.8803505854675183,
      0.8570717934983226,
      0.8521911935113109,
      0.9208053215243184,
      0.8572231735855627,
      0.9062047689296187,
      0.8930628735798235,
      0.9161366827000444,
      0.9146918267868578,
      0.955278823836543
    ],
    "test_acc": [
      54.33,
      59.79,
      64.54,
      65.64,
      67.53,
      68.55,
      68.37,
      68.23,
      70.11,
      70.2,
      71.61,
      71.39,
      71.08,
      71.45,
      72.69,
      70.4,
      71.77,
      71.55,
      70.32,
      71.79,
      70.9,
      71.23,
      70.68,
      71.82,
      70.68
    ]
  }
}