{
  "config": {
    "run_name": "exp1_1_K64_L16",
    "out_dir": "./results",
    "seed": 699635646,
    "bs_train": 128,
    "bs_test": 32,
    "batches": 100,
    "epochs": 100,
    "early_stopping": 5,
    "checkpoints": null,
    "lr": 0.001,
    "reg": 0.001,
    "filters_per_layer": [
      64
    ],
    "layers_per_block": 16,
    "pool_every": 4,
    "hidden_dims": [
      128
    ],
    "ycn": false,
    "kw": {}
  },
  "results": {
    "num_epochs": 6,
    "train_loss": [
      2.3029653019917284,
      2.3028076298706366,
      2.3027320475224644,
      2.302773254301847,
      2.302760038229511,
      2.3026885333878306
    ],
    "train_acc": [
      9.782,
      9.784,
      9.9,
      9.906,
      9.616,
      9.804
    ],
    "test_loss": [
      2.302716891224773,
      2.3026868466752024,
      2.3026352035351834,
      2.302626615134291,
      2.302632580169093,
      2.3026013968470758
    ],
    "test_acc": [
      10.0,
      10.0,
      10.0,
      10.0,
      10.0,
      10.0
    ]
  }
}