{
  "config": {
    "run_name": "exp1_1_K64_L8",
    "out_dir": "./results",
    "seed": 1536849544,
    "bs_train": 128,
    "bs_test": 32,
    "batches": 100,
    "epochs": 100,
    "early_stopping": 5,
    "checkpoints": null,
    "lr": 0.001,
    "reg": 0.001,
    "filters_per_layer": [
      64
    ],
    "layers_per_block": 8,
    "pool_every": 2,
    "hidden_dims": [
      128
    ],
    "ycn": false,
    "kw": {}
  },
  "results": {
    "num_epochs": 6,
    "train_loss": [
      2.3029526048304176,
      2.3027839514300648,
      2.302726701092537,
      2.302736694550575,
      2.3027241614163683,
      2.302702219589897
    ],
    "train_acc": [
      9.854,
      9.822,
      9.9,
      9.682,
      9.814,
      9.746
    ],
    "test_loss": [
      2.3026128622670523,
      2.302621536742384,
      2.302603534997081,
      2.3025937049914473,
      2.3025970839844727,
      2.3025937468860858
    ],
    "test_acc": [
      10.0,
      10.0,
      10.0,
      10.0,
      10.0,
      10.0
    ]
  }
}