{
  "config": {
    "run_name": "exp_1_2_L2_K32",
    "out_dir": "./results",
    "seed": 2109908509,
    "bs_train": 128,
    "bs_test": 32,
    "batches": 100,
    "epochs": 100,
    "early_stopping": 10,
    "checkpoints": null,
    "lr": 0.001,
    "reg": 0.001,
    "filters_per_layer": [
      32
    ],
    "layers_per_block": 2,
    "pool_every": 1,
    "hidden_dims": [
      128
    ],
    "ycn": false,
    "kw": {}
  },
  "results": {
    "num_epochs": 30,
    "train_loss": [
      1.627290931504096,
      1.3161313518538804,
      1.1978331148776862,
      1.1236036357367436,
      1.0574190273614186,
      1.0097709031361144,
      0.9578897957606693,
      0.9301854260742207,
      0.8883537061683967,
      0.8542705251432746,
      0.8303705446250603,
      0.8011754206989122,
      0.7751451133157287,
      0.7514991397443025,
      0.7288968979245256,
      0.7053668114840222,
      0.6850953429861142,
      0.6615049715542123,
      0.643188841812446,
      0.6238899182937944,
      0.6037483552227849,
      0.5850387452660925,
      0.5707288237331468,
      0.5541855863597996,
      0.5388775800957399,
      0.5202554653367728,
      0.5091063615001375,
      0.493905964638571,
      0.4798061438381215,
      0.46550360672614155
    ],
    "train_acc": [
      41.456,
      53.282,
      57.65,
      60.436,
      62.974,
      64.764,
      66.502,
      67.092,
      68.836,
      69.97,
      70.854,
      71.886,
      72.878,
      73.556,
      74.358,
      75.354,
      76.142,
      77.186,
      77.592,
      78.406,
      78.916,
      79.592,
      80.18,
      80.722,
      81.146,
      81.92,
      82.186,
      82.798,
      83.174,
      83.776
    ],
    "test_loss": [
      1.4003634641345697,
      1.2343821462731772,
      1.162023304369503,
      1.143440703233591,
      1.061022712971075,
      1.0270714013340374,
      1.0308408929517094,
      0.9880684140962533,
      1.0188790766385416,
      0.9658554714327803,
      0.940551107017377,
      0.9148003573234851,
      0.9087881363999729,
      0.9601544062740887,
      0.9225106268835525,
      0.8975397720694923,
      0.9002652413928851,
      0.8997894468398902,
      0.8946056543066859,
      0.8951923756744153,
      0.9192615014295609,
      0.9240281967499766,
      0.9406562311390337,
      0.9466432398690964,
      0.9496268233933007,
      0.957669875397088,
      0.9521147220279462,
      0.9512190531237057,
      0.951338894165362,
      0.9660911671460246
    ],
    "test_acc": [
      50.69,
      55.93,
      58.98,
      59.79,
      63.15,
      63.71,
      64.04,
      65.91,
      64.74,
      66.45,
      67.29,
      68.11,
      68.49,
      66.79,
      68.11,
      68.71,
      69.29,
      69.43,
      69.45,
      69.89,
      68.87,
      69.56,
      69.06,
      69.0,
      69.33,
      69.17,
      69.02,
      69.51,
      69.32,
      69.32
    ]
  }
}