{
  "config": {
    "run_name": "exp1_2_L8_K258",
    "out_dir": "./results",
    "seed": 117414788,
    "bs_train": 128,
    "bs_test": 32,
    "batches": 100,
    "epochs": 100,
    "early_stopping": 5,
    "checkpoints": null,
    "lr": 0.001,
    "reg": 0.001,
    "filters_per_layer": [
      258
    ],
    "layers_per_block": 8,
    "pool_every": 2,
    "hidden_dims": [
      128
    ],
    "ycn": false,
    "kw": {}
  },
  "results": {
    "num_epochs": 6,
    "train_loss": [
      2.303020480343753,
      2.302734635370162,
      2.3027612400786652,
      2.3027055519621085,
      2.3027270876843,
      2.302718361320398
    ],
    "train_acc": [
      9.934,
      9.932,
      9.784,
      9.97,
      9.788,
      9.88
    ],
    "test_loss": [
      2.302624157823313,
      2.3026440059795927,
      2.302606647387861,
      2.302609349972905,
      2.3026045793161605,
      2.3025892283588933
    ],
    "test_acc": [
      10.0,
      10.0,
      10.0,
      10.0,
      10.0,
      10.0
    ]
  }
}