{
  "config": {
    "run_name": "exp_1_2_L2_K128",
    "out_dir": "./results",
    "seed": 749569009,
    "bs_train": 128,
    "bs_test": 32,
    "batches": 100,
    "epochs": 100,
    "early_stopping": 10,
    "checkpoints": null,
    "lr": 0.001,
    "reg": 0.001,
    "filters_per_layer": [
      128
    ],
    "layers_per_block": 2,
    "pool_every": 1,
    "hidden_dims": [
      128
    ],
    "ycn": false,
    "kw": {}
  },
  "results": {
    "num_epochs": 28,
    "train_loss": [
      1.5059251760887673,
      1.1548241648222783,
      1.0174582047230751,
      0.9320018396658056,
      0.8687256016694677,
      0.8221742844642581,
      0.7785119601832632,
      0.7396307429084388,
      0.7040525057431682,
      0.6723046975062631,
      0.6413423471591052,
      0.6150759104115274,
      0.586096410403776,
      0.5557616375138997,
      0.5295227421519092,
      0.5120487612531618,
      0.48948291835882474,
      0.46030311118763734,
      0.43955067002102544,
      0.42213902147987004,
      0.40294705037875556,
      0.38872316510171234,
      0.3644435591709888,
      0.34841629496925625,
      0.3397893034055105,
      0.3300064076548037,
      0.3055591116399716,
      0.29929480890331367
    ],
    "train_acc": [
      45.916,
      58.976,
      64.512,
      67.306,
      69.522,
      71.32,
      72.656,
      74.32,
      75.462,
      76.464,
      77.672,
      78.656,
      79.614,
      80.632,
      81.416,
      82.092,
      82.994,
      84.126,
      84.746,
      85.314,
      86.048,
      86.508,
      87.562,
      88.07,
      88.294,
      88.634,
      89.574,
      89.802
    ],
    "test_loss": [
      1.2279515643470205,
      1.0705438161048646,
      1.0210006968281902,
      0.9554376227025407,
      0.9256784834991247,
      0.8666267723511583,
      0.8675907882638633,
      0.8579857149444068,
      0.8759855304282314,
      0.8511811186330387,
      0.8549389518297519,
      0.8361356289813313,
      0.8232099945171953,
      0.8295327191726087,
      0.8724306019159932,
      0.894229136335964,
      0.8367773440127937,
      0.8404773012898601,
      0.8848451591147402,
      0.87777805176025,
      0.8789910235153601,
      0.9464392111705134,
      0.9214757127693286,
      0.9251962226991075,
      0.9307327429517008,
      0.9731377702170667,
      1.0079332488223005,
      0.9955673454859005
    ],
    "test_acc": [
      56.33,
      62.71,
      64.45,
      66.78,
      67.74,
      69.43,
      69.49,
      70.38,
      69.72,
      70.26,
      70.59,
      71.85,
      71.57,
      71.18,
      70.61,
      70.4,
      72.11,
      72.49,
      71.53,
      71.4,
      72.07,
      71.0,
      71.59,
      71.48,
      71.64,
      70.77,
      70.9,
      70.72
    ]
  }
}