{
  "config": {
    "run_name": "exp_2_L1_K64-128-256-512",
    "out_dir": "./results",
    "seed": 1163120242,
    "bs_train": 128,
    "bs_test": 32,
    "batches": 100,
    "epochs": 100,
    "early_stopping": 10,
    "checkpoints": null,
    "lr": 0.001,
    "reg": 0.001,
    "filters_per_layer": [
      64,
      128,
      256,
      512
    ],
    "layers_per_block": 1,
    "pool_every": 1,
    "hidden_dims": [
      512,
      512
    ],
    "ycn": true,
    "kw": {}
  },
  "results": {
    "num_epochs": 24,
    "train_loss": [
      1.5037903996074902,
      1.096617086464182,
      0.9231729016584509,
      0.8289575393852371,
      0.7491860424771029,
      0.6912265271329514,
      0.6278958117108211,
      0.5902066230011718,
      0.5463452534297543,
      0.5161645868245293,
      0.4877980232543653,
      0.46072863591144153,
      0.4477580049839776,
      0.4209750585467614,
      0.4057392314114534,
      0.39071664534261463,
      0.37622929976114533,
      0.3636506646109359,
      0.351433686740563,
      0.34343256864248944,
      0.33759008845328675,
      0.32065836357338656,
      0.31622910442407176,
      0.3073349680056048
    ],
    "train_acc": [
      44.602,
      61.648,
      68.038,
      71.9,
      74.696,
      76.99,
      79.17,
      80.644,
      82.088,
      83.088,
      84.048,
      84.968,
      85.408,
      86.33,
      86.868,
      87.488,
      87.938,
      88.256,
      88.644,
      88.82,
      89.244,
      89.588,
      89.848,
      90.102
    ],
    "test_loss": [
      1.251426839599975,
      1.0664901468700494,
      0.8445609170979205,
      0.8696459956443348,
      0.8099082913071203,
      0.7235807599351048,
      0.7691100274983306,
      0.7777856092293042,
      0.6563966858882112,
      0.7009617651042085,
      0.7556296318959885,
      0.6392765081347749,
      0.6710409178330113,
      0.6358146757934802,
      0.6447176611461578,
      0.7605835384073348,
      0.7428366906536273,
      0.8746914004746337,
      0.7953221523723664,
      0.7594972060035212,
      0.7219900120847141,
      0.653305688176673,
      0.7449958488202324,
      0.7316251466639887
    ],
    "test_acc": [
      55.36,
      63.06,
      70.93,
      70.82,
      72.24,
      76.02,
      73.22,
      73.56,
      78.17,
      76.75,
      74.98,
      79.23,
      77.55,
      79.58,
      78.43,
      75.22,
      75.86,
      73.44,
      74.27,
      75.14,
      77.0,
      79.54,
      76.9,
      77.03
    ]
  }
}