{
  "config": {
    "run_name": "exp_2_L3_K64-128-256-512",
    "out_dir": "./results",
    "seed": 1936037959,
    "bs_train": 128,
    "bs_test": 32,
    "batches": 100,
    "epochs": 100,
    "early_stopping": 10,
    "checkpoints": null,
    "lr": 0.001,
    "reg": 0.001,
    "filters_per_layer": [
      64,
      128,
      256,
      512
    ],
    "layers_per_block": 3,
    "pool_every": 3,
    "hidden_dims": [
      512,
      512
    ],
    "ycn": true,
    "kw": {}
  },
  "results": {
    "num_epochs": 36,
    "train_loss": [
      1.5765070649973876,
      1.151690301382938,
      0.967757413759256,
      0.8421114565771254,
      0.7501162848509181,
      0.6766464786456369,
      0.6192877342176559,
      0.583640920993922,
      0.5438952435312978,
      0.510552031381051,
      0.4830598629953916,
      0.46316467480891194,
      0.4477506430100297,
      0.4280458929593606,
      0.41292997119981617,
      0.4033218991497289,
      0.3907877311605932,
      0.38113763608286144,
      0.37580647344327034,
      0.3628915387879857,
      0.35501193024618244,
      0.3581985885758534,
      0.3395313365227731,
      0.3398877089590673,
      0.3358003709017468,
      0.3315443156472862,
      0.32408232319995267,
      0.3211680188813173,
      0.31560926596679345,
      0.31111792926593207,
      0.3123821764041091,
      0.3092395338942023,
      0.30221466960199656,
      0.30662379459575617,
      0.3066754447453467,
      0.29798507012064807
    ],
    "train_acc": [
      41.234,
      59.124,
      66.39,
      71.006,
      74.67,
      77.762,
      79.832,
      80.884,
      82.228,
      83.316,
      84.206,
      84.868,
      85.504,
      86.142,
      86.516,
      86.912,
      87.37,
      87.866,
      87.842,
      88.322,
      88.424,
      88.318,
      89.056,
      89.178,
      89.196,
      89.344,
      89.656,
      89.744,
      89.874,
      89.986,
      89.978,
      90.068,
      90.214,
      90.148,
      90.134,
      90.334
    ],
    "test_loss": [
      1.396305621051179,
      1.1065380559942593,
      0.8942176968144914,
      0.8057270369971522,
      0.9263314159152607,
      0.6542303552166723,
      0.6602905445015088,
      0.6909776623256672,
      0.5456002057788852,
      0.6152358323145217,
      0.5131396445603417,
      0.5219632063429958,
      0.5260931262954737,
      0.493071163709933,
      0.4991630093691448,
      0.5561987069277717,
      0.5592546647968003,
      0.5071279931896792,
      0.47964118382991694,
      0.49697588945920473,
      0.4956503130804997,
      0.4817961551272831,
      0.4553647878975533,
      0.4750882780399566,
      0.4973304288598676,
      0.45495430630045575,
      0.47053315647589133,
      0.5723510243165226,
      0.6006899215638066,
      0.511044831035998,
      0.46002299050553536,
      0.48360258738358564,
      0.4723259412918609,
      0.5391516796411416,
      0.45743127717092014,
      0.4839457864530932
    ],
    "test_acc": [
      48.53,
      60.01,
      69.1,
      72.14,
      68.74,
      77.24,
      77.76,
      77.4,
      82.08,
      80.03,
      82.73,
      82.96,
      82.42,
      83.58,
      83.62,
      82.61,
      81.65,
      82.98,
      84.55,
      83.86,
      84.38,
      84.68,
      84.85,
      84.99,
      83.7,
      85.54,
      84.8,
      81.4,
      81.62,
      83.87,
      85.16,
      84.84,
      84.9,
      83.33,
      84.91,
      84.43
    ]
  }
}