{
  "config": {
    "run_name": "exp_2_L4_K64-128-256-512",
    "out_dir": "./results",
    "seed": 2096436635,
    "bs_train": 128,
    "bs_test": 32,
    "batches": 100,
    "epochs": 100,
    "early_stopping": 10,
    "checkpoints": null,
    "lr": 0.001,
    "reg": 0.001,
    "filters_per_layer": [
      64,
      128,
      256,
      512
    ],
    "layers_per_block": 4,
    "pool_every": 4,
    "hidden_dims": [
      512,
      512
    ],
    "ycn": true,
    "kw": {}
  },
  "results": {
    "num_epochs": 61,
    "train_loss": [
      1.600935215535371,
      1.166877924176433,
      0.9883993960097622,
      0.8861108557952334,
      0.8031605309842492,
      0.7468879213723381,
      0.6930789135758529,
      0.6461011748332197,
      0.6116217798589135,
      0.5806012823606086,
      0.5618366575454508,
      0.5393171584057381,
      0.5195391202521751,
      0.5033035242496549,
      0.4880897195442863,
      0.47666511313079873,
      0.4611195645216481,
      0.4513461836768538,
      0.43957165516246005,
      0.4359229186078167,
      0.4280124335642666,
      0.42071466929162554,
      0.4107603207802224,
      0.4046123258369353,
      0.40232943993090364,
      0.3928411569817902,
      0.39268208018806583,
      0.3816672523155847,
      0.37674942883231755,
      0.37744131360364996,
      0.37631584608646307,
      0.3658528811562702,
      0.3674094059202067,
      0.3617957274779639,
      0.3585290678626741,
      0.3591223231057072,
      0.3597212678483685,
      0.3457599169076861,
      0.34782707138592023,
      0.34874156677661955,
      0.34497346151667785,
      0.342777246518818,
      0.34100704432448464,
      0.3390993219812203,
      0.3371970301393963,
      0.3431126063741991,
      0.33247151018103677,
      0.3321590081352712,
      0.3316550085230557,
      0.3283169406378056,
      0.33009166123769473,
      0.3281093928438928,
      0.3211337497929478,
      0.3236572619365609,
      0.3258205164805093,
      0.3179422396680583,
      0.31551563354861706,
      0.32419206194408107,
      0.31790778848826123,
      0.31754103687870533,
      0.3155390842415183
    ],
    "train_acc": [
      39.904,
      58.242,
      65.414,
      69.292,
      72.506,
      74.654,
      76.716,
      78.434,
      79.542,
      80.702,
      81.672,
      81.982,
      82.92,
      83.6,
      84.102,
      84.372,
      85.004,
      85.314,
      85.66,
      85.822,
      86.096,
      86.35,
      86.59,
      86.928,
      86.78,
      87.176,
      87.282,
      87.526,
      87.776,
      87.81,
      87.902,
      88.18,
      87.994,
      88.248,
      88.266,
      88.25,
      88.404,
      88.774,
      88.8,
      88.624,
      88.878,
      88.996,
      88.866,
      89.164,
      89.002,
      88.896,
      89.13,
      89.186,
      89.196,
      89.322,
      89.23,
      89.414,
      89.586,
      89.546,
      89.516,
      89.814,
      89.732,
      89.578,
      89.692,
      89.72,
      89.782
    ],
    "test_loss": [
      1.2613115453491577,
      1.162510348394656,
      1.02493460776326,
      0.8744066801314918,
      0.9987087015526744,
      0.7457549914289207,
      0.6459484955373282,
      0.6417449790829668,
      0.5904935056599565,
      0.6882903040312349,
      0.7085935372514085,
      0.5599154494583797,
      0.6061859108483829,
      0.5789303806738351,
      0.5788033969771748,
      0.5558569577936167,
      0.5078734308005141,
      0.5550381984716406,
      0.5150460783665934,
      0.5969580499032816,
      0.539154640616129,
      0.5677598447988208,
      0.6137391503531331,
      0.5611199692320138,
      0.5735584803806326,
      0.48616581779128065,
      0.5316372754427191,
      0.5406759590291368,
      0.5179994786723544,
      0.48463004372847346,
      0.449652833013108,
      0.4925563465863371,
      0.4608552041954507,
      0.4688958674669266,
      0.5210714338543697,
      0.479549184798623,
      0.46848537551518826,
      0.48671911709224835,
      0.4609978939302432,
      0.4310505021684848,
      0.4917834303773249,
      0.4714543304551905,
      0.4656586284383227,
      0.4857081487870064,
      0.4963512011943534,
      0.5013575364773075,
      0.5262076561205303,
      0.5175668299198151,
      0.4866303690610983,
      0.4670808693280997,
      0.4363099576447147,
      0.558913604139139,
      0.45240241712845936,
      0.48344295926558706,
      0.5580310641576688,
      0.4690997216124504,
      0.4770890074178053,
      0.4615355752908384,
      0.4826980415291299,
      0.46429424870985386,
      0.5062894532189202
    ],
    "test_acc": [
      54.45,
      59.1,
      64.58,
      68.76,
      66.77,
      74.23,
      77.8,
      77.83,
      80.01,
      77.07,
      77.0,
      80.99,
      80.27,
      81.12,
      80.81,
      81.85,
      82.99,
      81.8,
      83.01,
      80.59,
      82.34,
      81.57,
      79.95,
      82.0,
      81.4,
      84.21,
      82.73,
      82.36,
      83.52,
      84.58,
      85.15,
      84.15,
      84.72,
      85.03,
      83.11,
      84.33,
      84.94,
      84.45,
      84.31,
      85.46,
      83.95,
      84.66,
      85.11,
      84.74,
      84.39,
      84.13,
      83.72,
      83.58,
      84.21,
      85.49,
      85.73,
      81.87,
      85.68,
      84.9,
      83.29,
      84.86,
      85.33,
      85.24,
      84.32,
      85.06,
      84.05
    ]
  }
}