{
  "config": {
    "run_name": "exp_2_L2_K64-128-256-512",
    "out_dir": "./results",
    "seed": 1661447318,
    "bs_train": 128,
    "bs_test": 32,
    "batches": 100,
    "epochs": 100,
    "early_stopping": 10,
    "checkpoints": null,
    "lr": 0.001,
    "reg": 0.001,
    "filters_per_layer": [
      64,
      128,
      256,
      512
    ],
    "layers_per_block": 2,
    "pool_every": 2,
    "hidden_dims": [
      512,
      512
    ],
    "ycn": true,
    "kw": {}
  },
  "results": {
    "num_epochs": 50,
    "train_loss": [
      1.5176473740116714,
      1.0794847750907663,
      0.9097624918079132,
      0.7810657919215425,
      0.7030826877907413,
      0.6396109867278877,
      0.5805890284230947,
      0.537774911698173,
      0.5021721129222294,
      0.47412181552261345,
      0.44513394540685525,
      0.428428237662291,
      0.4091966771103842,
      0.3937376675474674,
      0.382945765657803,
      0.3691260724345132,
      0.3559151704201613,
      0.34491104764096875,
      0.337873476926628,
      0.32859207857447814,
      0.3157184833417768,
      0.3154369283210286,
      0.30550158789853,
      0.30453847508753656,
      0.298181302940754,
      0.29660878713478517,
      0.28969488740729554,
      0.28705123421328754,
      0.2872096933138645,
      0.27774514124521515,
      0.27717407790901105,
      0.26973335153382755,
      0.2689798703355253,
      0.26774513037384623,
      0.26691846465668106,
      0.26757939001712044,
      0.26345793643723364,
      0.2602463646046341,
      0.257753772446719,
      0.2584338201510022,
      0.25299595340209846,
      0.25489109792672765,
      0.2493534252485808,
      0.25155144625002773,
      0.2494472437883582,
      0.24647890370520179,
      0.24636246641273693,
      0.24801302295359198,
      0.24419058028541868,
      0.24350582726318817
    ],
    "train_acc": [
      43.752,
      61.984,
      68.806,
      73.486,
      77.004,
      79.04,
      81.248,
      82.544,
      83.884,
      84.726,
      85.644,
      86.42,
      86.85,
      87.366,
      87.728,
      88.246,
      88.504,
      88.972,
      89.178,
      89.622,
      89.896,
      89.934,
      90.376,
      90.274,
      90.502,
      90.6,
      90.868,
      90.834,
      90.85,
      91.172,
      91.102,
      91.426,
      91.462,
      91.422,
      91.522,
      91.41,
      91.702,
      91.762,
      91.728,
      91.85,
      91.884,
      91.996,
      91.974,
      92.04,
      92.032,
      92.08,
      92.132,
      92.022,
      92.262,
      92.188
    ],
    "test_loss": [
      1.183353909859642,
      1.2052681387042086,
      1.1909187352314543,
      0.7719957797100749,
      0.7858700222862415,
      0.7075749170094633,
      0.6030113881293196,
      0.571354419849932,
      0.815179136519234,
      0.5870901583768309,
      0.6413711614835377,
      0.5852621371944111,
      0.5691601242691564,
      0.5449608044264416,
      0.6128407736984305,
      0.5235617992262871,
      0.5300124013385834,
      0.47241140016542077,
      0.5610281450870319,
      0.502323966580458,
      0.6505994846145756,
      0.5565112554512847,
      0.4910551734482899,
      0.5756025638300389,
      0.5577067409317714,
      0.5277844136015485,
      0.48909897300096367,
      0.5267034901645237,
      0.5386108969704221,
      0.48822188483307155,
      0.5162887798187832,
      0.5114016920185318,
      0.4826355611030667,
      0.5297988579867366,
      0.49303234626833625,
      0.5373588173438947,
      0.4649474198302141,
      0.490955158401602,
      0.5785694081848041,
      0.4661491396851814,
      0.5023917400608429,
      0.4713743349995476,
      0.5356766512266363,
      0.4877969586787323,
      0.49958827476293893,
      0.535912991034242,
      0.5422850040177377,
      0.5513973889973598,
      0.5576982311309336,
      0.5569570107391467
    ],
    "test_acc": [
      56.36,
      57.41,
      59.44,
      73.28,
      72.51,
      76.24,
      79.99,
      81.17,
      74.95,
      80.75,
      78.84,
      81.1,
      81.83,
      82.45,
      80.89,
      83.39,
      82.98,
      84.27,
      83.27,
      84.49,
      81.28,
      83.02,
      84.23,
      82.11,
      83.44,
      83.88,
      84.5,
      83.36,
      83.39,
      84.28,
      84.39,
      84.48,
      85.63,
      83.64,
      84.95,
      84.11,
      85.61,
      84.3,
      82.77,
      85.82,
      85.21,
      85.2,
      84.07,
      85.27,
      84.41,
      83.68,
      83.37,
      84.32,
      82.59,
      83.93
    ]
  }
}